{
    "metadata":{
        "version":3,
        "type":"Geometry",
        "uvs":0,
        "faces":66,
        "normals":66,
        "materials":1,
        "vertices":39,
        "generator":"io_three"
    },
    "materials":[{
        "visible":true,
        "shading":"phong",
        "colorSpecular":[0.5,0.5,0.5],
        "specularCoef":0,
        "depthTest":true,
        "opacity":1,
        "DbgIndex":0,
        "wireframe":false,
        "DbgName":"cloud",
        "DbgColor":15658734,
        "blending":"NormalBlending",
        "depthWrite":true,
        "colorEmissive":[0,0,0],
        "colorDiffuse":[0.88812,0.88812,0.88812],
        "transparent":false
    }],
    "vertices":[0.26859,-0.976154,-18.4329,1.94298,-2.26675,-18.7916,-0.225806,-1.63877,-19.4151,0.600561,-2.61962,-18.3706,0.630023,-2.58119,-19.7365,1.24115,-1.37009,-17.9193,1.39578,-0.770226,-19.4464,1.62869,-1.70388,-19.8703,4.90967,-2.47761,-19.4555,2.90387,-1.7209,-19.4104,5.1803,-1.2446,-19.6894,4.01194,-1.40446,-18.5295,4.06075,-0.563749,-19.606,3.83813,-2.75956,-19.0852,3.97736,-2.25442,-20.6476,3.44705,-1.3611,-20.485,3.90852,-2.47947,-19.8888,0.646305,-1.21721,-19.3806,1.8212,-1.21721,-20.3548,3.87584,-1.21721,-20.1883,3.97078,-1.21721,-19.1112,1.97482,-1.21721,-18.612,3.01795,-0.73223,-19.4827,1.89763,-2.78206,-19.576,0.645708,-2.29708,-19.388,1.96065,-2.29707,-18.6131,2.49225,-2.7443,-19.0989,1.835,-2.29707,-20.3582,2.89975,-2.51108,-20.2938,3.96262,-2.29708,-19.1044,2.54367,-1.7019,-18.4567,0.427305,-1.75714,-19.3668,0.863451,-1.75714,-18.7939,0.766735,-1.75714,-20.0018,4.05213,-1.75714,-20.2649,2.37191,-1.81238,-20.602,4.50019,-1.7019,-19.3593,1.98571,-0.769984,-19.1411,2.42333,-0.769985,-19.9598],
    "uvs":[],
    "name":"Icosphere.003Geometry",
    "faces":[34,5,6,0,0,0,0,0,34,0,6,2,0,1,1,1,34,5,3,1,0,2,2,2,34,0,2,3,0,3,3,3,34,1,3,4,0,4,4,4,34,7,1,4,0,5,5,5,34,2,7,4,0,6,6,6,34,3,2,4,0,7,7,7,34,6,7,2,0,8,8,8,34,6,1,7,0,9,9,9,34,5,0,3,0,10,10,10,34,5,1,6,0,11,11,11,34,13,14,8,0,12,12,12,34,8,14,10,0,13,13,13,34,13,11,9,0,14,14,14,34,8,10,11,0,15,15,15,34,9,11,12,0,16,16,16,34,15,9,12,0,17,17,17,34,10,15,12,0,18,18,18,34,11,10,12,0,19,19,19,34,14,15,10,0,20,20,20,34,14,9,15,0,21,21,21,34,13,8,11,0,22,22,22,34,13,9,14,0,23,23,23,34,23,28,16,0,24,24,24,34,23,16,26,0,25,25,25,34,16,28,34,0,26,26,26,34,25,30,32,0,27,27,27,34,24,31,33,0,28,28,28,34,16,34,36,0,29,29,29,34,29,36,30,0,30,30,30,34,17,21,37,0,31,31,31,34,18,17,38,0,32,32,32,34,19,18,38,0,33,33,33,34,20,19,22,0,34,34,34,34,21,20,37,0,35,35,35,34,37,20,22,0,36,36,36,34,22,19,38,0,37,37,37,34,38,37,22,0,38,38,38,34,38,17,37,0,39,39,39,34,30,20,21,0,40,40,40,34,30,36,20,0,41,41,41,34,36,19,20,0,42,42,42,34,36,34,19,0,43,43,43,34,35,18,19,0,44,44,44,34,33,17,18,0,45,45,45,34,33,31,17,0,46,46,46,34,32,21,17,0,47,47,47,34,32,30,21,0,48,48,48,34,29,16,36,0,49,49,49,34,34,35,19,0,50,50,50,34,34,28,35,0,51,51,51,34,28,27,35,0,52,52,52,34,35,33,18,0,53,53,53,34,35,27,33,0,54,54,54,34,27,24,33,0,55,55,55,34,31,32,17,0,56,56,56,34,31,24,32,0,57,57,57,34,24,25,32,0,58,58,58,34,25,29,30,0,59,59,59,34,26,16,29,0,60,60,60,34,28,23,27,0,61,61,61,34,23,24,27,0,62,62,62,34,25,26,29,0,63,63,63,34,23,26,24,0,64,64,64,34,26,25,24,0,65,65,65],
    "normals":[0.170901,0.375191,-0.911057,-0.450272,-0.332408,-0.82871,0.37483,0.793852,0.478854,-0.838961,0.523218,0.149626,0.247733,-0.021905,0.968581,0.528777,-0.508601,0.679499,-0.232815,-0.965363,-0.117781,-0.745728,-0.034802,0.66534,-0.21043,-0.90884,-0.36018,0.948205,-0.123563,-0.292644,-0.486495,0.871245,0.065233,0.866288,0.256186,-0.428852,0.14759,-0.292331,0.94486,0.730509,-0.623481,0.278618,-0.556715,0.791221,0.253059,0.705808,0.708105,0.020574,-0.575008,0.487207,-0.657263,-0.712106,-0.12887,-0.690143,0.303496,-0.747707,-0.590614,0.460797,0.559135,-0.689227,0.366297,-0.852613,-0.372662,-0.775189,-0.514542,0.366508,0.390909,0.832922,0.391703,-0.667658,-0.282223,0.6889,0.113868,-0.207792,0.971523,0.134556,-0.08961,0.986846,0.338576,-0.805346,0.486604,-0.194167,0.978679,0.066987,-0.835432,-0.446558,0.320375,0.8408,-0.393336,0.371943,0.418867,0.907987,-0.01048,-0.347736,0.601048,-0.719598,-0.347739,-0.419369,-0.838575,0.06395,-0.789131,-0.610887,0.465901,-0.04107,-0.883883,0.15985,0.639137,-0.752298,0.168122,0.594863,-0.786049,0.224486,-0.351718,-0.908791,-0.04438,-0.023724,-0.998733,-0.288056,-0.153975,-0.945154,0.208471,0.833538,-0.51162,0.418879,0.908012,0.007344,0.659179,-0.058106,-0.749738,0.836339,-0.434232,-0.334635,0.072571,-0.89552,-0.439065,-0.512284,-0.617807,-0.596556,-0.833525,-0.445538,-0.326699,-0.402708,0.696064,-0.594408,-0.198619,0.976828,-0.079733,0.758963,0.09737,0.643812,0.186614,-0.962401,-0.19738,0.198027,-0.943276,0.266488,-0.030055,-0.905944,0.422329,-0.347415,-0.935316,-0.066985,-0.351516,-0.93278,0.079733,-0.508331,-0.62312,0.594408,-0.753734,0.573798,-0.320377,-0.752014,0.572489,0.326699,-0.407455,0.691449,0.596555,0.214136,0.872563,0.439066,0.285901,0.198299,0.937517,-0.139066,-0.513757,0.84659,-0.379625,-0.465351,0.799583,0.188697,0.768903,0.610886,-0.274879,0.411382,0.869026,-0.276581,0.469358,0.838574]
}
