{
    "faces":[33,2,0,1,3,0,0,0,0,33,3,7,6,2,1,1,1,1,33,7,5,4,6,2,2,2,2,33,0,4,5,1,3,3,3,3,33,2,6,10,8,1,1,1,1,33,5,7,3,1,4,4,4,4,33,9,8,10,11,5,5,5,5,33,4,0,9,11,6,6,6,6,33,6,4,11,10,2,2,2,2,33,0,2,8,9,7,7,7,7],
    "normals":[-1,0,0,0,-1,-0,1,0,0,0,1,-0,0,-0,-1,0,0,1,0,1,0,-1,0,-0],
    "uvs":[],
    "name":"Cube.008Geometry",
    "vertices":[-8.08631,-0.254169,8.08631,-8.08631,0.014223,8.08631,-8.08631,-0.25417,-8.08631,-8.08631,0.014223,-8.08631,8.08631,-0.254169,8.08631,8.08631,0.014223,8.08631,8.08631,-0.25417,-8.08631,8.08631,0.014223,-8.08631,-8.08631,-0.684079,-8.08631,-8.08631,-0.684078,8.08631,8.08631,-0.684079,-8.08631,8.08631,-0.684078,8.08631],
    "metadata":{
        "faces":10,
        "normals":8,
        "uvs":0,
        "generator":"io_three",
        "type":"Geometry",
        "vertices":12,
        "version":3
    }
}