{
    "materials":[{
        "depthWrite":true,
        "visible":true,
        "wireframe":false,
        "transparent":false,
        "depthTest":true,
        "DbgColor":60928,
        "opacity":1,
        "colorSpecular":[0.5,0.5,0.5],
        "blending":"NormalBlending",
        "colorDiffuse":[0.240043,0.534036,0.74],
        "shading":"phong",
        "DbgIndex":2,
        "DbgName":"water",
        "colorEmissive":[0,0,0],
        "specularCoef":50
    },{
        "depthWrite":true,
        "visible":true,
        "wireframe":false,
        "transparent":false,
        "depthTest":true,
        "DbgColor":15658734,
        "opacity":1,
        "colorSpecular":[0.5,0.5,0.5],
        "blending":"NormalBlending",
        "colorDiffuse":[0.267459,0.08197,0.012936],
        "shading":"phong",
        "DbgIndex":0,
        "DbgName":"ground",
        "colorEmissive":[0,0,0],
        "specularCoef":0
    },{
        "depthWrite":true,
        "visible":true,
        "wireframe":false,
        "transparent":false,
        "depthTest":true,
        "DbgColor":15597568,
        "opacity":1,
        "colorSpecular":[0.5,0.5,0.5],
        "blending":"NormalBlending",
        "colorDiffuse":[0.289045,0.639282,0.155694],
        "shading":"phong",
        "DbgIndex":1,
        "DbgName":"grass",
        "colorEmissive":[0,0,0],
        "specularCoef":0
    }],
    "faces":[35,2,0,1,3,0,0,0,0,0,35,3,7,6,2,0,1,1,1,1,35,7,5,4,6,0,2,2,2,2,35,0,4,5,1,0,3,3,3,3,35,0,2,9,10,0,4,4,4,4,35,5,7,3,1,0,5,5,5,5,35,12,10,14,16,0,6,6,6,6,35,2,6,11,9,0,7,7,7,7,35,4,0,10,12,0,8,8,8,8,35,6,4,12,11,0,9,9,9,9,35,15,16,20,19,0,10,10,10,10,35,9,11,15,13,0,11,11,11,11,35,11,12,16,15,0,12,12,12,12,35,10,9,13,14,0,13,13,13,13,35,20,18,22,24,0,14,14,14,14,35,14,13,17,18,0,15,15,15,15,35,16,14,18,20,0,16,16,16,16,35,13,15,19,17,0,17,17,17,17,35,21,23,27,25,0,11,11,11,11,35,17,19,23,21,0,11,11,11,11,35,19,20,24,23,0,18,18,18,18,35,18,17,21,22,0,19,19,19,19,35,27,28,32,31,0,20,20,20,20,35,23,24,28,27,0,21,21,21,21,35,22,21,25,26,0,22,22,22,22,35,24,22,26,28,0,8,8,8,8,35,32,30,34,36,0,23,23,23,23,35,26,25,29,30,0,24,24,24,24,35,28,26,30,32,0,25,25,25,25,35,25,27,31,29,0,26,26,26,26,35,35,36,40,39,0,27,27,27,27,35,29,31,35,33,0,1,1,1,1,35,31,32,36,35,0,28,28,28,28,35,30,29,33,34,0,29,29,29,29,35,39,40,44,43,0,30,30,30,30,35,34,33,37,38,0,31,31,31,31,35,36,34,38,40,0,32,32,32,32,35,33,35,39,37,0,33,33,33,33,35,42,41,43,44,0,34,34,34,34,35,38,37,41,42,0,35,35,35,35,35,40,38,42,44,0,36,36,36,36,35,37,39,43,41,0,37,37,37,37,35,64,47,139,138,1,38,38,38,38,35,133,86,51,85,2,39,39,39,39,35,124,79,50,67,2,40,40,40,40,35,115,85,51,73,2,41,41,41,41,35,106,88,52,76,2,42,42,42,42,35,97,58,48,74,1,43,43,43,43,35,82,91,76,52,2,44,44,44,44,35,91,94,75,76,1,45,45,45,45,35,94,97,74,75,1,46,46,46,46,35,49,61,89,80,2,47,47,47,47,35,80,89,90,81,2,48,48,48,48,35,81,90,91,82,2,49,49,49,49,35,61,60,92,89,1,50,50,50,50,35,89,92,93,90,1,51,51,51,51,35,90,93,94,91,1,52,52,52,52,35,60,59,95,92,1,53,53,53,53,35,92,95,96,93,1,54,54,54,54,35,93,96,97,94,1,55,55,55,55,35,59,45,56,95,1,56,56,56,56,35,95,56,57,96,1,57,57,57,57,35,96,57,58,97,1,58,58,58,58,35,70,100,74,48,1,59,59,59,59,35,100,103,75,74,1,60,60,60,60,35,103,106,76,75,1,61,61,61,61,35,47,71,98,68,1,62,62,62,62,35,68,98,99,69,1,63,63,63,63,35,69,99,100,70,1,64,64,64,64,35,71,72,101,98,1,65,65,65,65,35,98,101,102,99,1,66,66,66,66,35,99,102,103,100,1,67,67,67,67,35,72,73,104,101,1,68,68,68,68,35,101,104,105,102,1,69,69,69,69,35,102,105,106,103,1,70,70,70,70,35,73,51,86,104,2,71,71,71,71,35,104,86,87,105,2,72,72,72,72,35,105,87,88,106,2,73,73,73,73,35,64,109,71,47,1,74,74,74,74,35,109,112,72,71,1,75,75,75,75,35,112,115,73,72,1,76,76,76,76,35,46,65,107,62,1,77,77,77,77,35,62,107,108,63,1,78,78,78,78,35,63,108,109,64,1,79,79,79,79,35,65,66,110,107,1,80,80,80,80,35,107,110,111,108,1,81,81,81,81,35,108,111,112,109,1,82,82,82,82,35,66,67,113,110,1,83,83,83,83,35,110,113,114,111,1,84,84,84,84,35,111,114,115,112,1,85,85,85,85,35,67,50,83,113,2,86,86,86,86,35,113,83,84,114,2,87,87,87,87,35,114,84,85,115,2,88,88,88,88,35,55,118,65,46,1,89,89,89,89,35,118,121,66,65,1,90,90,90,90,35,121,124,67,66,1,91,91,91,91,35,45,59,116,53,1,92,92,92,92,35,53,116,117,54,1,93,93,93,93,35,54,117,118,55,1,94,94,94,94,35,59,60,119,116,1,95,95,95,95,35,116,119,120,117,1,96,96,96,96,35,117,120,121,118,1,97,97,97,97,35,60,61,122,119,1,98,98,98,98,35,119,122,123,120,1,99,99,99,99,35,120,123,124,121,1,100,100,100,100,35,61,49,77,122,2,101,101,101,101,35,122,77,78,123,2,102,102,102,102,35,123,78,79,124,2,103,103,103,103,35,79,127,83,50,2,104,104,104,104,35,127,130,84,83,2,105,105,105,105,35,130,133,85,84,2,106,106,106,106,35,49,80,125,77,2,107,107,107,107,35,77,125,126,78,2,108,108,108,108,35,78,126,127,79,2,109,109,109,109,35,80,81,128,125,2,110,110,110,110,35,125,128,129,126,2,111,111,111,111,35,126,129,130,127,2,112,112,112,112,35,81,82,131,128,2,113,113,113,113,35,128,131,132,129,2,114,114,114,114,35,129,132,133,130,2,115,115,115,115,35,82,52,88,131,2,116,116,116,116,35,131,88,87,132,2,117,117,117,117,35,132,87,86,133,2,118,118,118,118,35,58,57,145,136,1,119,119,119,119,35,57,56,144,145,1,120,120,120,120,35,48,58,136,137,1,121,121,121,121,35,63,64,138,147,1,122,122,122,122,35,56,45,141,144,1,123,123,123,123,35,55,46,135,134,1,124,124,124,124,35,62,63,147,146,1,125,125,125,125,35,69,70,140,149,1,126,126,126,126,35,54,55,134,143,1,127,127,127,127,35,46,62,146,135,1,128,128,128,128,35,68,69,149,148,1,129,129,129,129,35,53,54,143,142,1,130,130,130,130,35,70,48,137,140,1,131,131,131,131,35,47,68,148,139,1,132,132,132,132,35,45,53,142,141,1,133,133,133,133,35,156,138,139,148,1,134,134,134,134,35,136,150,140,137,1,135,135,135,135,35,150,153,149,140,1,136,136,136,136,35,153,156,148,149,1,137,137,137,137,35,141,142,151,144,1,138,138,138,138,35,144,151,152,145,1,139,139,139,139,35,145,152,150,136,1,140,140,140,140,35,142,143,154,151,1,141,141,141,141,35,151,154,155,152,1,142,142,142,142,35,152,155,153,150,1,142,142,142,142,35,143,134,157,154,1,143,143,143,143,35,154,157,158,155,1,142,142,142,142,35,155,158,156,153,1,142,142,142,142,35,134,135,146,157,1,144,144,144,144,35,157,146,147,158,1,145,145,145,145,35,158,147,138,156,1,146,146,146,146],
    "name":"CubeGeometry",
    "metadata":{
        "faces":154,
        "vertices":159,
        "uvs":0,
        "generator":"io_three",
        "materials":3,
        "type":"Geometry",
        "normals":147,
        "version":3
    },